BD,DJ,JO,DZ,KM,BR,BY,TN,TZ,LK,LV,PG,PE,NP,PK,LY,GT,VE,AF,IQ,EG,MR,AL,VN,AO,IN,GN,AZ,ID,SA,GH,MD,MG,MA,KE,MM,KH,MK,KR,SO,SL,KW,UG,UA,MZ
0.9955555166509447,0.6237723997529621,0.90038138698834,0.9737850743370663,0.5824870318872871,0.9968037126551716,0.39552260139921563,0.9778156734618978,0.9569174222803656,0.8291331446547011,0.8514748758570593,0.68854713675469,0.9861123515046635,0.9828196105809693,0.9583638720550853,0.928941558159534,0.942920367890447,0.9888533153354068,0.9956994602499546,0.9689434269705802,0.9421482497429828,0.8063034805989892,0.9467301474728743,0.885276917612254,0.9422316455368219,0.9474438833956512,0.8587833307584378,0.9855497151748204,0.9635392429323367,0.9207621989456781,0.8849999178526465,0.8666620074815682,0.9096051484449227,0.8696582053019032,0.9505061650852071,0.8290834748700093,0.8162229698507716,0.8742027523860137,0.9178598120375577,0.6170289832491583,0.6240014746147756,0.792791418219129,0.9503027704516661,0.972117437037204,0.9568184033227419
